{
    "camera": {
        "P": [
            1365.2916259765625,
            0,
            962.0997314453125,
            0,
            1364.079833984375,
            568.8045654296875,
            0,
            0,
            1
        ],
        "distortion": [
            0.0,
            0.0,
            0.0,
            0.0,
            0.0
        ],
        "width": 1200,
        "height": 780
    }
}